[
	{
		"letter" : "A",
		"count" : 9,
		"score" : 1
	},
	{
		"letter" : "B",
		"count" : 2,
		"score" : 3
	},
	{
		"letter" : "C",
		"count" : 2,
		"score" : 3
	},
	{
		"letter" : "D",
		"count" : 4,
		"score" : 2
	},
	{
		"letter" : "E",
		"count" : 12,
		"score" : 1
	},
	{
		"letter" : "F",
		"count" : 2,
		"score" : 4
	},
	{
		"letter" : "G",
		"count" : 3,
		"score" : 2
	},
	{
		"letter" : "H",
		"count" : 2,
		"score" : 4
	},
	{
		"letter" : "I",
		"count" : 9,
		"score" : 1
	},
	{
		"letter" : "J",
		"count" : 1,
		"score" : 8
	},
	{
		"letter" : "K",
		"count" : 1,
		"score" : 5
	},
	{
		"letter" : "L",
		"count" : 4,
		"score" : 1
	},
	{
		"letter" : "M",
		"count" : 2,
		"score" : 3
	},
	{
		"letter" : "N",
		"count" : 6,
		"score" : 1
	},
	{
		"letter" : "O",
		"count" : 8,
		"score" : 1
	},
	{
		"letter" : "P",
		"count" : 2,
		"score" : 3
	},
	{
		"letter" : "Q",
		"count" : 1,
		"score" : 10
	},
	{
		"letter" : "R",
		"count" : 6,
		"score" : 1
	},
	{
		"letter" : "S",
		"count" : 4,
		"score" : 1
	},
	{
		"letter" : "T",
		"count" : 6,
		"score" : 1
	},
	{
		"letter" : "U",
		"count" : 4,
		"score" : 1
	},
	{
		"letter" : "V",
		"count" : 2,
		"score" : 4
	},
	{
		"letter" : "W",
		"count" : 2,
		"score" : 4
	},
	{
		"letter" : "X",
		"count" : 1,
		"score" : 8
	},
	{
		"letter" : "Y",
		"count" : 2,
		"score" : 4
	},
	{
		"letter" : "Z",
		"count" : 1,
		"score" : 10
	}
]
